Model,Exec model,Mode,Pretrained,CLS,Trained,Train pearson,Val pearson,Test pearson,Train spearman,Val spearman,Test spearman
Random,1,embeddings,False,True,True,0.9277871563870186,0.49564646948698976,0.5984785019008656,0.9478409966651851,0.5120878097726875,0.6366743943908885
Random v2,1,embeddings,False,True,False,0.9259029335210576,0.5005258730096124,0.5932375598316117,0.9470334285212679,0.5337018282036852,0.6402759568570962
Roberta hugging mean,1,roberta-hugging,True,False,True,0.9628293784288033,0.49752400051410683,0.5596829968917638,0.9853336150785865,0.4976046446108913,0.5936488501966007
Roberta hugging mean,5,roberta-hugging,True,False,True,0.5669985861558846,0.539418804950621,0.5503774057809037,0.5903774151312147,0.5378131318920276,0.610219347409672
Roberta hugging mean,Baseline,roberta-hugging,True,False,True,0.5583209670729385,0.5336027004455592,0.5449246836406729,0.5799244677254479,0.5328564916011521,0.6074177955148827
Roberta mean,1,roberta,True,False,True,0.9256016983641653,0.4071040486657718,0.5418506499507176,0.9713398216166836,0.42180642645879934,0.5745289904312965
Initialized w2v propi notrain,0,embeddings,True,True,False,0.6545556848149863,0.5098727971949099,0.5396286176016157,0.6475145444699805,0.482045078841531,0.5280866489707257
Word2vec propi tfidf,1,tfidf,True,True,True,0.8310546680877003,0.47464937507036475,0.5394617953649374,0.8691587446817701,0.47228789256913806,0.5717608953506547
Roberta hugging cls,Baseline,roberta-hugging,True,True,True,0.4670376259441028,0.4656631283463054,0.5391087423557588,0.5041355405271225,0.47213050140176555,0.5665237301881412
Random,3,embeddings,False,True,True,0.9018813791147653,0.4213678655696236,0.5366593987033159,0.9408251988965437,0.42110273833166934,0.5435606823557688
Word2vec ccca300 mean,1,mean,True,True,True,0.76268799921769,0.42896424696368884,0.5354045936988941,0.7823312035903566,0.4452332073338378,0.5747865983759703
Word2vec propi mean,1,mean,True,True,True,0.8207038811020841,0.5001721519007114,0.5344525504692369,0.8497085138006606,0.4920439961365499,0.5830869724811877
Word2vec propi tfidf,Baseline,tfidf,True,True,True,0.48115648843624825,0.5298492350034816,0.5268846008683596,0.5093570834371615,0.5104593297957478,0.5743859492565083
Word2vec ccca300 tfidf,1,tfidf,True,True,True,0.7953674208752377,0.46867734004726846,0.5267420132479133,0.8256149864293351,0.4723273358221205,0.5771386063803932
Word2vec 100 mean,1,mean,True,True,True,0.6278591862488845,0.4390400306417104,0.5234057597535973,0.6350501764661408,0.45233484309637295,0.5598311983516601
Random v2,3,embeddings,False,True,False,0.889292073267007,0.41322888418726056,0.5226271669495448,0.93329398248385,0.4152856188028534,0.5343787094471838
Roberta 0 mean,1,roberta2,True,False,True,0.9442322225468445,0.402820945114908,0.5217060436348692,0.9813765065830493,0.4029308005944195,0.5554675670969758
Initialized w2v propi,1,embeddings,True,True,True,0.9568426293988457,0.49393444128452846,0.5202866862249385,0.9854298339071084,0.5146634010837261,0.5572240571566804
Word2vec propi tfidf,5,tfidf,True,True,True,0.4695509239813721,0.5266417013070979,0.5182234334197109,0.5069081552150136,0.5064460313486303,0.5676728086453721
Roberta hugging cls,1,roberta-hugging,True,True,True,0.8328832030394986,0.4576971904468251,0.5174153528178418,0.8609976061871281,0.46179564699608155,0.5501989751530566
Word2vec nlpl mean,4,mean,True,True,True,0.4741235160609102,0.4467522960085576,0.517239947765372,0.48923568413496543,0.4387472302415267,0.5496104390664973
Word2vec propi tfidf,4,tfidf,True,True,True,0.4694045308833781,0.4816013889405137,0.5172009915837611,0.4871254458095135,0.4729010976858581,0.5386963114046726
Word2vec 1000 tfidf,Baseline,tfidf,True,True,True,0.4587621877451197,0.4770486781153345,0.5168715457508475,0.49955318514979163,0.4683796637792283,0.5597038098979934
Word2vec nlpl mean,5,mean,True,True,True,0.46948221062400697,0.4397638136247367,0.5143738394966416,0.48888695155891104,0.43806877309711106,0.5494720117857419
Word2vec 500 tfidf,Baseline,tfidf,True,True,True,0.4592534189017991,0.48229531721323166,0.5094921328791726,0.49795090868745245,0.46880322398506574,0.5673316622222948
Roberta hugging mean,7,roberta-hugging,True,False,True,0.8255190388989497,0.45645610564736,0.506551760368181,0.8311212772399477,0.45228975933420223,0.5050941572218038
Word2vec 100 mean,Baseline,mean,True,True,True,0.42125032471512547,0.3875891951332132,0.5058196031141401,0.46372932275266293,0.3973204801907898,0.5519926270627739
Word2vec 100 tfidf,Baseline,tfidf,True,True,True,0.430031049160127,0.4734282392047909,0.5050585752204984,0.4721233927601488,0.4625377604034298,0.5557132823080335
Initialized w2v propi notrain,1,embeddings,True,True,False,0.47669385975943274,0.44213713707644525,0.5048546051112173,0.5113693474183372,0.4422565145680539,0.5605141666467255
Word2vec propi mean,Baseline,mean,True,True,True,0.4766938734984587,0.4421371136223926,0.5048545200381671,0.5113734863787986,0.44226222597809073,0.5604810232838245
Word2vec 100 tfidf,4,tfidf,True,True,True,0.42901346392004147,0.4697717814086332,0.5009289744953246,0.4666061629107265,0.45882965255481073,0.547951213436822
Word2vec nlpl mean,Baseline,mean,True,True,True,0.4516168628590781,0.41560928890921156,0.5007283491232175,0.49017363253998986,0.4352127705153381,0.5552274853674746
Word2vec 100 mean,4,mean,True,True,True,0.4125872113313209,0.38144729043317077,0.49846566944706044,0.46866155612420257,0.4050871896474899,0.5547142477656554
Word2vec 100 tfidf,1,tfidf,True,True,True,0.6378195662078527,0.4376795735552619,0.49408944792065057,0.6426594010599536,0.4580080592569451,0.5421974473575549
Roberta hugging mean,4,roberta-hugging,True,False,True,0.49373628807391196,0.513541240131344,0.49355968040858467,0.5268045081865205,0.5283234480772055,0.5934779890546623
Word2vec nlpl tfidf,Baseline,tfidf,True,True,True,0.44618971547128083,0.4786739241319929,0.48974561805505334,0.4839720617278867,0.48108627683445665,0.5493730214156348
Word2vec 500 mean,Baseline,mean,True,True,True,0.44112774859540005,0.3497334745366133,0.4885259415223936,0.4819494797109064,0.3787761371159784,0.5537063559274262
Word2vec 1000 tfidf,4,tfidf,True,True,True,0.441593095972562,0.45670623583164,0.48448122653375525,0.47544132246171744,0.4473406996782823,0.5166113580309466
Roberta mean,Baseline,roberta,True,False,True,0.368514883530784,0.305404594816901,0.4785996535138997,0.3932610285316667,0.31037808790714494,0.4874600593970331
Random v2,2,embeddings,False,True,False,0.9736631997913925,0.3627848780239234,0.47724430358313136,0.9844157800432614,0.3770999651137019,0.5092265924625772
Word2vec 1000 mean,Baseline,mean,True,True,True,0.4194391024831624,0.33368895316794983,0.4749740095711563,0.47258417844204803,0.3784269338060794,0.5423750150631081
Word2vec nlpl mean,1,mean,True,True,True,0.5799402966651619,0.35217762055589324,0.4722317911446503,0.5787197216800979,0.4086427562444045,0.5037051465442894
Word2vec ccca300 tfidf,Baseline,tfidf,True,True,True,0.38020615688562154,0.4071529961071621,0.46982762224221297,0.4415304878444193,0.4418124161312135,0.5452983342931804
Word2vec 500 mean,4,mean,True,True,True,0.42143805372815857,0.3821923587676316,0.4691051979873283,0.44472000534865114,0.38580716681991967,0.5003485978752683
Initialized ccca300 notrain,2,embeddings,True,True,False,0.6444145723022203,0.46101931031477994,0.4681082663085572,0.6539317784704153,0.46008354340442137,0.48165004981840176
Random,2,embeddings,False,True,True,0.9894206023985979,0.40404116606708995,0.4663744098401739,0.9909674223241458,0.40017782955781533,0.5040442316517445
Initialized ccca300 notrain,0,embeddings,True,True,False,0.5171634411993367,0.4079171949645378,0.4662102431467261,0.5075120200367021,0.41475576738104636,0.4722411088643605
Word2vec nlpl tfidf,1,tfidf,True,True,True,0.5994182555231343,0.4098010519088773,0.4633526888467481,0.5995487016694483,0.43370941741023467,0.5166618562721155
Word2vec 1000 mean,5,mean,True,True,True,0.4058835001260855,0.3208858813817113,0.4627395447007083,0.47616625927481615,0.38177406197132596,0.5414640409128415
Onehot,Baseline,onehot,True,True,True,0.41407625302777873,0.349983508807285,0.45578052012159764,0.4507969581996736,0.36551853957456804,0.4923156696561946
Roberta 0 mean,Baseline,roberta2,True,False,True,0.36622894910724346,0.30472937903380914,0.4538634452100099,0.3873695230013282,0.30555221721152753,0.4673705216130531
Word2vec 1000 mean,1,mean,True,True,True,0.5704330691244307,0.3852758614924708,0.45181086380084257,0.5785032803435508,0.42809011333979197,0.4785658688341234
Spacy md,1,spacy,True,True,True,0.7199992830118779,0.31287717359539047,0.45166571032763303,0.734397500511578,0.3319626614607423,0.4955352872345881
Word2vec 500 tfidf,1,tfidf,True,True,True,0.6112612404794153,0.42962842295502524,0.4484023961178663,0.6167170644925319,0.44838493077375574,0.511604573698268
Roberta 0 mean,4,roberta2,True,False,True,0.3884441437645001,0.3198984264697696,0.4480142178833612,0.4093780679984107,0.31646667241857307,0.47147149479519607
Roberta 0 mean,2,roberta2,True,False,True,0.8466308949543033,0.33318073001424486,0.4470992880720958,0.8470824265330995,0.3157140362759305,0.4067599755196187
Word2vec 500 mean,1,mean,True,True,True,0.5788162523137481,0.3529001414040899,0.4469605254170614,0.5833546091951096,0.38071962848832774,0.484179318249388
Roberta 0 mean,7,roberta2,True,False,True,0.7815229874708935,0.2772590170392543,0.44656830558925786,0.7764214427808495,0.30354761682715115,0.3976411900234672
Roberta 0 mean,5,roberta2,True,False,True,0.3630746285824653,0.31502073744394843,0.44642698299352834,0.3854630647974237,0.30169853331419516,0.4641423310297549
Initialized ccca300,1,embeddings,True,True,True,0.9609932644066357,0.3575608310554411,0.4425268357509773,0.9818959758695872,0.3918129152930702,0.48094410276777444
Word2vec 1000 tfidf,1,tfidf,True,True,True,0.6057089370592084,0.4523461282341751,0.44232427977734834,0.6076346438955005,0.47233770320857105,0.49429167992873296
Word2vec ccca300 mean,6,mean,True,True,True,0.8779612925719986,0.26913284422458517,0.43139568339030765,0.923582144282418,0.284021628609316,0.42215346327018377
Onehot,1,onehot,True,True,True,0.8240988720843315,0.35806384708570865,0.42982133073361956,0.8954840953246491,0.37618312648502694,0.4622336831469809
Word2vec ccca300 tfidf,2,tfidf,True,True,True,0.7916498390357202,0.3728168065778074,0.42892173789561483,0.7875549299541666,0.3810446784394194,0.42256850186877193
Roberta mean,4,roberta,True,False,True,0.3133081497822422,0.3064539354851291,0.4257770417066842,0.3627597613835133,0.30572429216348174,0.47312109276713843
Word2vec ccca300 tfidf,6,tfidf,True,True,True,0.9413412221790076,0.24155802069284343,0.4249273958079983,0.9761186377309189,0.2448609402962874,0.39109293192491956
Word2vec 100 tfidf,2,tfidf,True,True,True,0.729035514248212,0.34822976219502433,0.4192214432029475,0.7109806868730201,0.3475997085829323,0.3922903091187954
Word2vec ccca300 mean,2,mean,True,True,True,0.7348058547183907,0.3410330253781141,0.4135895432287385,0.7344220832962637,0.3540917686376322,0.40715827951221534
Roberta hugging mean,6,roberta-hugging,True,False,True,0.986265579996005,0.33733271414925,0.4114978803700279,0.9883074436382439,0.35243710250518107,0.3946578919977593
Initialized w2v propi notrain,2,embeddings,True,True,False,0.5870370263082831,0.40659648686484895,0.40982064349962033,0.6074105710427412,0.40840342950203495,0.42924140183456205
Word2vec propi mean,2,mean,True,True,True,0.7808885213437398,0.3632732117332028,0.4088929743714853,0.7769567283651373,0.37883678803983084,0.3873535311435696
Word2vec propi tfidf,2,tfidf,True,True,True,0.8584475516631402,0.3665978995510246,0.4069309301918367,0.858743333392539,0.3800164603414107,0.39761706267789176
Word2vec propi mean,6,mean,True,True,True,0.9493644733601485,0.28324603502232315,0.40653907081783325,0.9758166832614994,0.28118885081514,0.3732725709923066
Word2vec 1000 mean,6,mean,True,True,True,0.7210444766615525,0.2687577430079515,0.4034241889887145,0.774119361715469,0.2952332057151129,0.3930188249034396
Word2vec ccca300 mean,5,mean,True,True,True,0.3226405225039164,0.2597179738542865,0.40284562782397465,0.37246294124020657,0.2769147300356368,0.439452105028967
Word2vec 1000 tfidf,6,tfidf,True,True,True,0.9008368812515445,0.2699505350834205,0.3999635761973774,0.9386549831572943,0.2741181072781312,0.3964738607898379
Roberta 0 mean,6,roberta2,True,False,True,0.94098067826321,0.24934093925545098,0.3983232583862759,0.9604270289219965,0.24258318880885463,0.3698349550494138
Initialized w2v propi,2,embeddings,True,True,True,0.9286884473311146,0.3744240470021332,0.3971631112594919,0.9765711000658296,0.3819442787502706,0.4179981553058049
Word2vec ccca300 mean,Baseline,mean,True,True,True,0.3050556874750933,0.245373380455843,0.39569443375959146,0.382091979129844,0.2824250377712903,0.4577118504889226
Initialized ccca300 notrain,1,embeddings,True,True,False,0.3050556829378207,0.24537329574244662,0.3956943575408665,0.38209618620765223,0.28246157891794427,0.4576594429205114
Word2vec 1000 tfidf,5,tfidf,True,True,True,0.3601627502592759,0.351864499057074,0.39555513049517005,0.3852495621460446,0.3514041698147371,0.4457781369979634
Word2vec 1000 tfidf,2,tfidf,True,True,True,0.7429485523002692,0.3820058144562646,0.3923661763671126,0.7285478261259867,0.38904959073157547,0.37679048274127425
Spacy md,2,spacy,True,True,True,0.6745678148125542,0.33290468559538844,0.3911207091194178,0.6686096217587671,0.31488661449053,0.3951294850943762
Word2vec 500 mean,6,mean,True,True,True,0.8949019030550581,0.29340341774979717,0.3905362541223464,0.9325285224928436,0.2959655089131236,0.35672468626534054
Word2vec ccca300 mean,4,mean,True,True,True,0.323445435684535,0.2674541970705302,0.38421247559090954,0.35228637097055615,0.2909969538088394,0.41633906251465774
Roberta hugging mean,2,roberta-hugging,True,False,True,0.7409373280145454,0.3479984413570259,0.3836043700498583,0.7489745296798426,0.35686154109688295,0.3665286883758335
Word2vec 1000 mean,2,mean,True,True,True,0.7268275979455074,0.3635812448564759,0.3833056381705713,0.7105343346505574,0.3773615941634793,0.37437306747869203
Word2vec 100 mean,6,mean,True,True,True,0.9565821642578571,0.2916308068584751,0.3786031139351886,0.9733716427172595,0.28893956916983937,0.34890877743026105
Word2vec nlpl tfidf,6,tfidf,True,True,True,0.9453883352021561,0.29823913928039003,0.3705882635051376,0.9653479921066677,0.30935242864649326,0.33911404022046904
Word2vec nlpl mean,2,mean,True,True,True,0.5575302997010969,0.3198000106422041,0.3700960325499432,0.5358152731142803,0.3345629230774784,0.33265862414769554
Word2vec 500 mean,2,mean,True,True,True,0.6913775076632397,0.318262078081622,0.3696495479850731,0.6747523629669137,0.3362689353658793,0.35094058945585715
Roberta hugging cls,2,roberta-hugging,True,True,True,0.5889856419144347,0.3075947074193656,0.3687862542254591,0.5784896209002814,0.29672582156783744,0.3616691514487998
Spacy md,6,spacy,True,True,True,0.8629366112983676,0.28115055574066594,0.36865172725083195,0.8966701030457717,0.2811357428699924,0.37313822993214274
Word2vec 500 tfidf,6,tfidf,True,True,True,0.9621638690763903,0.29103259084741195,0.3678937936349097,0.9787668050650704,0.2889479216012126,0.34424438247424116
Word2vec nlpl mean,6,mean,True,True,True,0.8648076442793673,0.29499483370814167,0.3675280277313119,0.9052869241713918,0.3104571221855147,0.3377152814880804
Word2vec propi tfidf,6,tfidf,True,True,True,0.9845174523925894,0.2627337797359347,0.36590522983887486,0.9859408037823293,0.2593319380299712,0.35091472494140036
Roberta cls,1,roberta,True,True,True,0.754737633164567,0.23901563046197816,0.3657965083049997,0.8077039499610481,0.21267269754179438,0.37763011436729843
Word2vec nlpl tfidf,2,tfidf,True,True,True,0.7674003182744572,0.3633300469711278,0.3653414587581417,0.7605529315613606,0.37467761517561704,0.3425466376754821
Roberta mean,6,roberta,True,False,True,0.8960211020130078,0.22907748316851115,0.36290144203562097,0.9281512385080135,0.21685340326376798,0.34552824678699967
Initialized ccca300,2,embeddings,True,True,True,0.9805172159507425,0.25478599953006287,0.3627476008496878,0.9861733262838955,0.30729063337601087,0.4009202410512384
Word2vec 100 mean,2,mean,True,True,True,0.6428987353525172,0.3617373884242186,0.3611636547161152,0.6291832298528691,0.3707556899863629,0.34424814634015094
Random,0,embeddings,False,True,True,0.9583395077853949,0.33995542041022775,0.3606504511567369,0.9779187788338498,0.3406504374004612,0.3582523815324841
Roberta finetuned cls,1,roberta-hugging,True,True,True,0.3836827888190067,0.30834090829216854,0.3584779264968203,0.41903888926019695,0.3218785651489197,0.37832710512628076
Word2vec 500 tfidf,2,tfidf,True,True,True,0.6867441184089298,0.3368344544377635,0.3583094232314318,0.6728669525299171,0.3512851102964788,0.3525386400626987
Initialized w2v propi,0,embeddings,True,True,True,0.9830131940232996,0.33237961166853525,0.3573121373569065,0.9887739882273247,0.338544128015955,0.3270096887281256
Roberta hugging cls,6,roberta-hugging,True,True,True,0.5079347596897357,0.22186523576923126,0.3569621635308541,0.5373354176838351,0.2326487683095839,0.3423416034927823
Random v2,0,embeddings,False,True,False,0.9523818977603351,0.3298975520719649,0.35677142468844025,0.9723514202947815,0.33086853326366455,0.3606328819563361
Initialized ccca300 notrain,3,embeddings,True,True,False,0.3570249660392236,0.36229647548441096,0.35568181999770654,0.35681107522332595,0.3380431626812989,0.36861435035526036
Word2vec 100 tfidf,6,tfidf,True,True,True,0.9598798024646595,0.2918241378851792,0.35377889559272613,0.9762763436282164,0.2998729983972876,0.33332236742447496
Initialized ccca300,0,embeddings,True,True,True,0.9875550201440343,0.37114297580255207,0.34927717312973844,0.9920089348828195,0.36549399618088385,0.3276087224640718
Onehot,6,onehot,True,True,True,0.9888404899479475,0.2778794335039646,0.3473625444879337,0.9899699072503293,0.25460431703287695,0.31292177990133685
Initialized w2v propi,3,embeddings,True,True,True,0.8972468539359557,0.3333097293597,0.34538985155091007,0.967064033676412,0.3179040504638573,0.37640958669246416
Roberta hugging cls,7,roberta-hugging,True,True,True,0.4806052562975702,0.2418954597114582,0.3431787092124909,0.48516731838129373,0.2249010433117929,0.3290763888954238
Spacy md,5,spacy,True,True,True,0.2825587647056345,0.23901835460712548,0.3410097367018565,0.34943902770249624,0.28350484002307913,0.3972906000426041
Roberta 0 cls,1,roberta2,True,True,True,0.8089221021293209,0.19745017103623577,0.3396101974036436,0.8896737519290897,0.2318839656195075,0.35633150704184374
Word2vec ccca300 tfidf,3,tfidf,True,True,True,0.2925924132952395,0.1981730860310475,0.33633286257045525,0.29273381385674546,0.16206101893587863,0.3174507239392964
Word2vec 1000 mean,0,mean,True,True,True,0.5068551829024724,0.2526932822103709,0.3317638093007039,0.5225603584666393,0.271516493885198,0.3247153711826691
Word2vec 500 mean,3,mean,True,True,True,0.32284733190089493,0.20066353798373304,0.32708603987137397,0.32820404763035493,0.20800875779892722,0.31602841691762623
Word2vec 1000 tfidf,0,tfidf,True,True,True,0.4638281601499622,0.22851648602451763,0.3254203641381552,0.48065621011314025,0.24743542035724528,0.328577001096704
Roberta hugging mean,0,roberta-hugging,True,False,True,0.45275225684056625,0.24179106391975208,0.3244559876957023,0.47119845765049106,0.28351522021235803,0.3243512895379361
Word2vec 100 mean,3,mean,True,True,True,0.350718214590823,0.21137073666697914,0.3244107265596504,0.35484871110255606,0.2237891077802514,0.314686743484869
Word2vec nlpl mean,0,mean,True,True,True,0.28948856412230756,0.2167589588252679,0.32400612014302066,0.2876877798257936,0.23345122936076498,0.2962642605160762
Roberta hugging mean,3,roberta-hugging,True,False,True,0.4433783414448558,0.24986928119913346,0.32368742596228883,0.4609787519441429,0.2898621335536985,0.3238932077548415
Word2vec 100 tfidf,3,tfidf,True,True,True,0.37565327649959734,0.20296646107390226,0.3221936582655249,0.3760481522982586,0.2164030478889159,0.29929026394345254
Word2vec nlpl tfidf,3,tfidf,True,True,True,0.33022336822260834,0.18398868153153097,0.3216352125587929,0.337511023892304,0.1788324597335583,0.29458166769033856
Spacy md,Baseline,spacy,True,True,True,0.23675119262393876,0.19427876742553674,0.3211717557887849,0.35095133941570744,0.2839721967557386,0.40022918471132624
Word2vec 500 tfidf,3,tfidf,True,True,True,0.3445932923787651,0.18091749525334536,0.3202964243687749,0.34774420478245455,0.2104267142615499,0.29888854363962203
Word2vec ccca300 tfidf,0,tfidf,True,True,True,0.4495544640634853,0.12579233668152248,0.319501474945554,0.46747857207387145,0.1315560083628655,0.29976784062177214
Onehot,4,onehot,True,True,True,0.3313688641029965,0.3125341008792984,0.3186219974431391,0.3455303083093245,0.31106397527544843,0.3206837148263393
Roberta 0 mean,3,roberta2,True,False,True,0.40135103618877,0.17644840426343888,0.3153166271765302,0.4030768745357113,0.15043762094106208,0.2853795463425696
Initialized ccca300,3,embeddings,True,True,True,0.9443143702200762,0.35460999266407295,0.3146867598987009,0.9744988625227775,0.3527922294704277,0.36822592145326555
Word2vec nlpl tfidf,0,tfidf,True,True,True,0.49206883245065675,0.2565474567263596,0.3146355136295153,0.510857829086536,0.24093790466818024,0.3009585733806096
Roberta hugging cls,0,roberta-hugging,True,True,True,0.3604569538612797,0.1793107831595383,0.3112132508551232,0.36957383225124024,0.18707254366281822,0.29591687499448144
Initialized ccca300,7,embeddings,True,True,True,0.9509952367588443,0.2843015495916633,0.3108678935652328,0.9674360558966004,0.28522495808646164,0.29753939072973645
Word2vec 1000 tfidf,3,tfidf,True,True,True,0.3154826614841302,0.17811578741468867,0.30967537844447496,0.3268484516942819,0.1791837929306851,0.31863267434434445
Roberta mean,2,roberta,True,False,True,0.5150120414732513,0.22489163270058654,0.3092054600837394,0.500540814621721,0.2048321301998952,0.29309986263447935
Word2vec ccca300 mean,0,mean,True,True,True,0.3460358348067531,0.14259299324258207,0.3075083534274765,0.3578250347889786,0.13542337720846795,0.3095110900761063
Word2vec 500 mean,0,mean,True,True,True,0.331879279404422,0.19396292303727575,0.3066159787884912,0.3333738885571886,0.2101408969567552,0.3052072059176741
Word2vec propi mean,3,mean,True,True,True,0.3720828136405374,0.22000123756758036,0.30638617301188265,0.3933367149262748,0.2043369227513684,0.30752820830733707
Spacy md,4,spacy,True,True,True,0.2516987750109965,0.22293238598379783,0.30528757976369636,0.34584251481013384,0.2802050771710511,0.38861771362845665
Word2vec nlpl mean,3,mean,True,True,True,0.30344958824071566,0.1982178601529746,0.30378512929882195,0.3107657055455433,0.1981132509394647,0.2840602148318152
Onehot,3,onehot,True,True,True,0.8023036162242666,0.24597129067598883,0.3037836276210405,0.8427358849474437,0.24034285428277577,0.3056562640735236
Roberta mean,3,roberta,True,False,True,0.41760353490207036,0.18211985488970361,0.30190650360735105,0.41833930453627366,0.15527136126855132,0.2760025982487613
Word2vec 500 tfidf,0,tfidf,True,True,True,0.35645111442549826,0.16744921862136763,0.30116422991209313,0.3603659903850624,0.19575487193530772,0.27832997025765616
Word2vec 100 mean,0,mean,True,True,True,0.42040763383256496,0.2245124124044161,0.3000876024612451,0.42366150279705456,0.22742738826246692,0.29565031608056436
Word2vec propi mean,0,mean,True,True,True,0.4144020240681861,0.19065700197206653,0.29810394906886695,0.43350512910141054,0.1841156381168471,0.2798709838195574
Word2vec 1000 mean,3,mean,True,True,True,0.30345711631629413,0.19134612471720525,0.29668496943788925,0.31059812368101203,0.19233206487054127,0.30890954709622026
Word2vec propi tfidf,3,tfidf,True,True,True,0.40210140975087816,0.17826807232397562,0.2946138409994902,0.4244591979228037,0.18540867174134215,0.3026715184070812
Random,5,embeddings,False,True,True,0.6260894095944425,0.27534071434727736,0.29444554888685237,0.634912476737803,0.30945488697796847,0.3080267467471676
Roberta 0 mean,0,roberta2,True,False,True,0.4822580918372702,0.20115315861679817,0.2904925700870593,0.47169025553383687,0.1981259002863999,0.24729853649115585
Initialized w2v propi notrain,3,embeddings,True,True,False,0.3896213722290015,0.3493357244504841,0.2867198967965017,0.3927955813712336,0.34593508813895213,0.315773417272648
Spacy md,3,spacy,True,True,True,0.6364481197409488,0.2135814843929394,0.2823483000547679,0.6396228407940706,0.22221064309056276,0.2649661230715854
Onehot,2,onehot,True,True,True,0.6663932956443446,0.24679861095445954,0.2821091393083452,0.7008881024626827,0.248412558268012,0.2890750353549723
Word2vec 100 tfidf,0,tfidf,True,True,True,0.5104085657338922,0.23870733886349876,0.2803657665112316,0.5163810992833598,0.22750521554208328,0.2795309330110176
Roberta mean,0,roberta,True,False,True,0.4488034545954864,0.20475256652305981,0.2774159191196593,0.44781934845625465,0.18656488446473196,0.25577896067807326
Roberta mean,5,roberta,True,False,True,0.2209379696049779,0.2268271303068321,0.274877413876869,0.19911888116922555,0.15994288096358955,0.22588691667902597
Roberta finetuned mean,1,roberta-hugging,True,False,True,0.3221785310514983,0.2832872881884821,0.263417584585002,0.36727109751244597,0.29496510006639215,0.30259001623372744
Word2vec 100 tfidf,5,tfidf,True,True,True,0.18123359791736335,0.1960355532381337,0.26241425089295134,0.10122564577993072,0.12595254079038615,0.1973881786322673
Word2vec ccca300 mean,3,mean,True,True,True,0.19204242128497945,0.1784669626491659,0.2549634278934246,0.19122268096601622,0.10539627078089985,0.2215202049127154
Roberta 0 cls,Baseline,roberta2,True,True,True,0.1444171121570051,0.09453375208095913,0.2546036229639012,0.26025500170682775,0.20004377302553217,0.3360099607028107
Roberta 0 cls,2,roberta2,True,True,True,0.41503950767196274,0.19924557758469813,0.2517075900275425,0.4137642070264648,0.19936326712839017,0.2599028548385129
Roberta 0 cls,0,roberta2,True,True,True,0.7270217524578241,0.14423971737074176,0.25081557512916197,0.7470977004720392,0.1972261068557482,0.2828299614809252
Word2vec propi mean,5,mean,True,True,True,0.18397562721555455,0.18843061967027352,0.24976398473614736,0.21104802675087034,0.2016885502894794,0.30452323441513096
Roberta hugging cls,3,roberta-hugging,True,True,True,0.30721500737516627,0.1419681253135197,0.24595496226594193,0.32113936300958895,0.17401127219310394,0.2577432161360583
Spacy md,0,spacy,True,True,True,0.6227178446768635,0.1634714062818923,0.24397017098426077,0.6196652419907628,0.14585836423073037,0.23976834368238037
Word2vec propi tfidf,0,tfidf,True,True,True,0.28696961334600235,0.17046460699475435,0.23181134221405977,0.2907318587582678,0.1680186682225427,0.2281805586588064
Word2vec 500 tfidf,4,tfidf,True,True,True,0.21672288239600837,0.24979984733434324,0.2197124969211075,0.03568594874188924,0.06137064683880925,-0.019555492861030935
Roberta 0 cls,3,roberta2,True,True,True,0.5064650413570091,0.14971152611066962,0.2178335312449965,0.5155140485625594,0.16831554163591808,0.20314573536161767
Spacy md,7,spacy,True,True,True,0.20842947820675767,0.20967732430787872,0.2133427362013391,0.07023711288693212,0.09489218872519803,0.08339578394386349
Roberta 0 cls,6,roberta2,True,True,True,0.8341407801164771,0.215439892176242,0.21321019280215953,0.8569643212276397,0.21528440144430572,0.20101017575004732
Onehot,0,onehot,True,True,True,0.5565626503596801,0.12050762502521686,0.21106677655365202,0.5661564408138637,0.11745980788207376,0.17726413874411448
Initialized ccca300,Baseline,embeddings,True,True,True,0.17008905266923566,0.20186650376345033,0.2054049066530338,0.1798008820721822,0.19135108293354214,0.20375474213813805
Random,Baseline,embeddings,False,True,True,0.17008905266923566,0.20186650376345033,0.2054049066530338,0.1798008820721822,0.19135108293354214,0.20375474213813805
Random v2,Baseline,embeddings,False,True,False,0.17008905266923566,0.20186650376345033,0.2054049066530338,0.1798008820721822,0.19135108293354214,0.20375474213813805
Initialized ccca300 notrain,Baseline,embeddings,True,True,False,0.17008905266923566,0.20186650376345033,0.2054049066530338,0.1798008820721822,0.19135108293354214,0.20375474213813805
Initialized w2v propi notrain,Baseline,embeddings,True,True,False,0.17008905266923566,0.20186650376345033,0.2054049066530338,0.1798008820721822,0.19135108293354214,0.20375474213813805
Initialized w2v propi,Baseline,embeddings,True,True,True,0.17008905266923566,0.20186650376345033,0.2054049066530338,0.1798008820721822,0.19135108293354214,0.20375474213813805
Roberta finetuned cls,4,roberta-hugging,True,True,True,0.17092648665621654,0.11257711830392597,0.20336565424202244,0.22661035706881896,0.17717548595528743,0.2740183828177642
Initialized w2v propi,6,embeddings,True,True,True,0.819886651775694,0.11613308334087552,0.19603113378249587,0.8247121900171772,0.12634800186193565,0.1876999395258451
Roberta finetuned mean,6,roberta-hugging,True,False,True,0.4821246504530794,0.14773914240871078,0.1930211380723175,0.47145658351450503,0.14980665027275777,0.11850423528246343
Roberta finetuned cls,6,roberta-hugging,True,True,True,0.4853527026778772,0.15064612891182227,0.19016356355186576,0.47376508374845505,0.1517629092145712,0.11882196545223292
Word2vec ccca300 tfidf,4,tfidf,True,True,True,0.20186102112296878,0.24834517990969457,0.18948763127709253,0.10682579755406403,0.17107551326529166,0.09355969591374655
Initialized w2v propi notrain,6,embeddings,True,True,False,0.5450239066959728,0.08410076381490444,0.18449597943556642,0.5319384844614713,0.08480107701352264,0.17232498157668186
Random v2,5,embeddings,False,True,False,0.6628725494805143,0.2712000274319909,0.18187402761166832,0.697160181466907,0.28310336017677806,0.17171415827467715
Roberta finetuned cls,Baseline,roberta-hugging,True,True,True,0.10514956367667207,0.0783036462116295,0.18009330961336326,0.18321882022378094,0.15918184410962366,0.26025169424690786
Roberta finetuned mean,Baseline,roberta-hugging,True,False,True,0.10389206314650519,0.07757025241177412,0.18002395537592822,0.18213314733390829,0.15945584048054656,0.2600982380829825
Initialized w2v propi,5,embeddings,True,True,True,0.3153009358724491,0.24405304788474236,0.17743565438934192,0.31703393760155807,0.2583958461403285,0.19102304059728456
Roberta finetuned mean,0,roberta-hugging,True,False,True,0.4815365794648944,0.14725650728395073,0.17567258074211048,0.4693575388389662,0.14695402941907662,0.11660036772634061
Random v2,7,embeddings,False,True,False,0.3328031813262672,0.15822844674753272,0.17163712721230479,0.37110324503725933,0.1666805411246223,0.19369042164938047
Roberta finetuned cls,0,roberta-hugging,True,True,True,0.47358037193265057,0.14452873763618113,0.1669564841966525,0.462267509299177,0.14125322946712668,0.10185827005162033
Roberta cls,3,roberta,True,True,True,0.47099353331821947,0.10056073360356442,0.16423204043523726,0.4864027197476879,0.07982645579154168,0.2370492883454144
Word2vec 500 mean,5,mean,True,True,True,0.14982601983876082,0.11854725914294667,0.16215452314676015,0.483426620999662,0.3893087063971674,0.546032318079569
Roberta finetuned cls,5,roberta-hugging,True,True,True,0.03882354345011835,0.04699484189568867,0.15939885811868998,0.13967421772757938,0.14634748885204374,0.2526159744320226
Roberta finetuned mean,3,roberta-hugging,True,False,True,0.4719110735579059,0.1474709629841074,0.15399384620256995,0.46009731517044705,0.14276463330607883,0.09471594845031503
Initialized ccca300 notrain,7,embeddings,True,True,False,0.13888620903222154,0.10395016486360353,0.1536424377406796,0.14012347653183235,0.11401057028087352,0.16084306734549278
Roberta finetuned cls,3,roberta-hugging,True,True,True,0.47185029875664264,0.1472732037680255,0.1530302871321647,0.46020402543141853,0.14276864054193997,0.09435090171175912
Random v2,6,embeddings,False,True,False,0.8624723763933674,0.11027297457173739,0.14467422627675106,0.874872302269658,0.12522114782580265,0.12435706805537809
Random,6,embeddings,False,True,True,0.8355410463269377,0.13801551171829407,0.13855585857717914,0.8423281987416124,0.12472386433942004,0.13408699921495457
Initialized ccca300 notrain,6,embeddings,True,True,False,0.7391950725128864,0.09714041541653812,0.13798693457227143,0.7163229265171648,0.09724335124256592,0.14210837652495423
Roberta cls,0,roberta,True,True,True,0.5134131344708163,0.17443993199335284,0.1357564582726638,0.527047387181833,0.1511782353761212,0.17725627322945692
Roberta cls,4,roberta,True,True,True,0.12999439772954707,0.07836711517499473,0.12899437682896117,0.2578034619790272,0.17400959074734323,0.2525312269448589
Roberta cls,Baseline,roberta,True,True,True,0.10234215335571956,0.06547463303299667,0.12562585230429923,0.253717589541173,0.1691348041097459,0.2714696490714362
Initialized ccca300 notrain,5,embeddings,True,True,False,0.18880336159200067,0.0837495572968496,0.12377457683074339,0.18338819378552668,0.09866459189414913,0.12528326547482455
Initialized ccca300,6,embeddings,True,True,True,0.696287358660205,0.12517312784304135,0.12331561594294925,0.6874183917840151,0.12934657300487257,0.10024434365139023
Word2vec 500 mean,7,mean,True,True,True,0.10679261704367382,0.11497071263971156,0.12018675243470842,0.10230233871887447,0.12270103393353259,0.11624741436781634
Roberta cls,2,roberta,True,True,True,0.29185069168749134,0.13313229516861774,0.11789063947004211,0.2965604382386415,0.11545113164009255,0.17254179818606213
Random,7,embeddings,False,True,True,0.07119362081357519,-0.0028415393861906816,0.11315282564255569,0.08130665512767056,0.003163761068251782,0.12079032545794516
Initialized w2v propi notrain,5,embeddings,True,True,False,0.15479826112702588,0.25114341536672624,0.09518721143009234,0.1347394357599022,0.2701015595859884,0.0816775107032392
Roberta cls,6,roberta,True,True,True,0.5417754452387056,0.1520681696498667,0.08245627241511323,0.5682576065118392,0.1637684876523259,0.15263407579629878
Initialized ccca300,5,embeddings,True,True,True,0.1755036975472074,0.1096943175032192,0.08161031732297899,0.07302474966843077,0.129093325842747,0.057782205195567794
Roberta 0 cls,7,roberta2,True,True,True,0.057449390253447766,0.06460549214983931,0.08158809250867247,0.0955899131067902,0.10221836400318371,0.09560412081886625
Roberta cls,7,roberta,True,True,True,0.0756010862881097,0.05338304886666166,0.07114753778792259,0.09969599179691302,0.05614926033413052,0.08442737550895241
Roberta finetuned mean,2,roberta-hugging,True,False,True,0.41370016969387957,0.11968227032005102,0.07027639731219593,0.43675804773668875,0.1375510746108836,0.07368843774827517
Random,4,embeddings,False,True,True,0.05739334197101935,0.029541118487556785,0.057626064440432154,0.04936485915978052,0.054243154218844236,0.06787275810385673
Onehot,7,onehot,True,True,True,-0.018477099349363237,-0.051301753528921856,0.047186354227141764,-0.03179874353171492,-0.05316310881844379,0.05440946420536615
Roberta finetuned cls,2,roberta-hugging,True,True,True,0.40790159199897874,0.13131705178346267,0.04695456954690603,0.4361459442449923,0.13571991266219238,0.06582876171968892
Word2vec propi tfidf,7,tfidf,True,True,True,0.05030704972619231,0.06633079654083888,0.03141597226144331,0.04661354950319567,0.05094615018759709,0.026908314264327673
Word2vec 500 tfidf,7,tfidf,True,True,True,0.04633667026766097,-0.10760800400229129,0.025730258005445976,0.031047039321738926,-0.12616791764793495,0.011929838688113766
Word2vec nlpl tfidf,7,tfidf,True,True,True,-0.044242732495817914,-0.09826848161223936,0.024845110135500323,-0.057991736092010325,-0.1084243600543025,0.008995953611634565
Initialized w2v propi notrain,4,embeddings,True,True,False,0.044543872887185906,0.08110011141433104,0.0052348860038487245,0.043457371068174204,0.057415144338981455,0.001794205926369532
Initialized w2v propi notrain,7,embeddings,True,True,False,0.07604525635419067,0.13025436073460217,0.0032330358194249016,0.04567337222731758,0.08584783461238293,-0.018649762564113142
Roberta finetuned mean,7,roberta-hugging,True,False,True,0.3265519102954981,0.08643525732214616,-0.008662387596047434,0.28252125936218864,0.07755033662799912,-0.046841622135022666
Initialized w2v propi,4,embeddings,True,True,True,-0.01800789544994641,0.023785880742913466,-0.010022638537875446,-0.011397477808986187,0.02327636801772541,0.02371961813180086
Word2vec nlpl mean,7,mean,True,True,True,-0.024155262508988185,0.027148375373366458,-0.011769483526596906,-0.012343363338141145,0.01620094115574266,-0.011247614388137797
Word2vec 100 mean,7,mean,True,True,True,0.01272005024508434,-0.0815044240251929,-0.012596113972056724,0.023189137629615292,-0.06843465835995742,-0.019822303304386748
Word2vec ccca300 tfidf,7,tfidf,True,True,True,0.05113650252500516,-0.002271659287630569,-0.015973123658520393,0.05426397813887965,-0.016087410464177866,-0.04812150820323683
Word2vec ccca300 mean,7,mean,True,True,True,0.08230345050349988,-0.03167225589725092,-0.019422568243163,0.06218543139585901,-0.002320720643052305,0.0019397903295715348
Word2vec 100 tfidf,7,tfidf,True,True,True,-0.03851680519142661,-0.10857463544671728,-0.02063178281720492,-0.036782477439492305,-0.10929854884093526,-0.02251409528119301
Roberta finetuned cls,7,roberta-hugging,True,True,True,-0.3956423069735072,-0.1283009532591064,-0.0312130690548702,-0.42768974011901995,-0.13041315042271534,-0.04956018189135174
Word2vec 1000 tfidf,7,tfidf,True,True,True,-0.034229513263934794,0.02408074132851761,-0.04094544350796452,0.004813883918861421,0.02574731178492327,-0.0216108398232083
Initialized ccca300 notrain,4,embeddings,True,True,False,-0.05216085557269793,-0.0010126636106287251,-0.05235062695135764,-0.04459670907264845,0.02287786529975335,-0.04058928967157983
Word2vec propi mean,7,mean,True,True,True,0.051057163518137785,0.08132054203338379,-0.06459400281120234,0.047044375438756225,0.08204394157560763,-0.07422812891595286
Random v2,4,embeddings,False,True,False,0.05343280297451473,0.033021034231027216,-0.06886317486105847,0.07257220390775661,0.012573282175492508,-0.03884111774642131
Initialized ccca300,4,embeddings,True,True,True,-0.0036738668634956036,0.051841759400199555,-0.07235157251764202,-0.009549709326047328,0.06187804636948968,-0.07521506964368385
Roberta mean,7,roberta,True,False,True,-0.009527459600198874,0.0236957197714954,-0.07694515608944355,-0.013579774093323475,0.012371355139088748,-0.06904870321554753
Roberta cls,5,roberta,True,True,True,-0.06406633525175717,-0.038692234936059194,-0.08436401175650066,0.049481472272267624,0.05189865262257953,0.07482320149326185
Initialized w2v propi,7,embeddings,True,True,True,-0.08107187293910804,-0.069152915458572,-0.11260907861735237,-0.08827806285905421,-0.07227620966688876,-0.10862093677751637
Roberta finetuned mean,4,roberta-hugging,True,False,True,0.005280967873307141,-0.01959315659643979,-0.125904620404559,-0.08071464400527156,-0.12679722672711582,-0.22884161202481587
Word2vec 1000 mean,7,mean,True,True,True,-0.029505487287529563,-0.005745615891072347,-0.13549694251265154,-0.016051800761499268,0.024780916734612225,-0.12127106283007287
Roberta finetuned mean,5,roberta-hugging,True,False,True,-0.0832769860960351,-0.10564165224341157,-0.19148606668986573,-0.14494888871272082,-0.15260701540558483,-0.23065233836664842
Roberta 0 cls,4,roberta2,True,True,True,-0.1733047264727146,-0.14794288305371883,-0.21078637310809573,-0.26333796153697586,-0.2296417481753735,-0.29037487197050177
Word2vec 500 tfidf,5,tfidf,True,True,True,-0.20259853004181544,-0.2561208692421091,-0.2136299257898832,-0.07538114174233392,-0.12106852270614456,-0.04392716641074206
Roberta 0 cls,5,roberta2,True,True,True,-0.21210151095088628,-0.17508425261516736,-0.2652128806328736,-0.26973657231109427,-0.23368670189457647,-0.30789803226031687
Onehot,5,onehot,True,True,True,-0.27325044321395886,-0.20822883955173307,-0.2833859039623997,-0.2811808959676049,-0.20985612079948254,-0.2788982533113279
Word2vec ccca300 tfidf,5,tfidf,True,True,True,-0.3230076085251711,-0.3186505850050516,-0.40888284608832504,-0.32103778439826025,-0.281792918937359,-0.41641989911645294
Word2vec nlpl tfidf,4,tfidf,True,True,True,-0.4050955342907234,-0.442918108708686,-0.4420925370701005,-0.471612556868864,-0.4666506046209989,-0.5320338769899239
Word2vec 1000 mean,4,mean,True,True,True,-0.4033581115013254,-0.30364186883798117,-0.4448921894028114,-0.4736190717713019,-0.38045615948718847,-0.5397255426252417
Word2vec nlpl tfidf,5,tfidf,True,True,True,-0.43875841516816205,-0.4693815838360902,-0.48259416452944454,-0.47136623140163914,-0.46580057481741804,-0.5321586636481938
Word2vec propi mean,4,mean,True,True,True,-0.45767171206445056,-0.4131415428929329,-0.48381810400106645,-0.479939344260485,-0.41741703656654344,-0.5271614241111852
Word2vec 100 mean,5,mean,True,True,True,-0.4498350308413367,-0.408223032709609,-0.508521146367447,-0.4627840594165941,-0.40259923832647276,-0.5456583547061606
Roberta hugging cls,4,roberta-hugging,True,True,True,-0.44847575382290544,-0.4494265071917649,-0.5266564117031294,-0.49955918462432913,-0.47231806712621066,-0.568775552485331
Roberta hugging cls,5,roberta-hugging,True,True,True,-0.4621983739817025,-0.4652516418139547,-0.5380122063351462,-0.5005190291394559,-0.47237761060048994,-0.5655987074209394
Roberta finetuned pipe,8,pipe,True,True,True,0.9474290525726241,0.7522604466926754,0.781988582023819,0.9614333116067086,0.7319414248170184,0.7993360636317496
Roberta own finetuning,8,notebook,True,True,True,0.9350,0.7185,0.7429,0.9899,0.7312,0.7714
MPnet own finetuning,8,notebook,True,True,True,0.9370,0.5856,0.6501,0.9918,0.5855,0.6820